{
  "coach": "Aaron Roderick",
  "stints_profiled": [
    {
      "school": "BYU",
      "season": 2023,
      "n_games": 12,
      "n_plays": 1030
    },
    {
      "school": "BYU",
      "season": 2024,
      "n_games": 13,
      "n_plays": 1153
    },
    {
      "school": "BYU",
      "season": 2025,
      "n_games": 14,
      "n_plays": 1284
    }
  ],
  "fragments_excluded": [],
  "pooled_profile": {
    "n_plays": 3467,
    "n_games": 39,
    "sticky": {
      "neutral_pass_rate": {
        "value": 0.47435897435897434,
        "n": 780
      },
      "sec_per_play": {
        "value": 35.0,
        "n": 692
      },
      "fourth_down_go_rate": {
        "value": 0.9411764705882353,
        "n": 17
      },
      "explosive_pass_rate": {
        "value": 0.11591355599214145,
        "n": 509
      }
    },
    "run_pass_by_down_distance": {
      "1:long": {
        "value": 0.5249406175771971,
        "n": 421,
        "ppa_mean": 0.003479245715027523
      },
      "1:medium": {
        "value": 0.0,
        "n": 8,
        "ppa_mean": -0.14489042125028684
      },
      "1:short": {
        "value": 0.2,
        "n": 10,
        "ppa_mean": -1.1219029529186668
      },
      "1:xlong": {
        "value": 0.5454545454545454,
        "n": 11,
        "ppa_mean": -0.04505587108936795
      },
      "2:long": {
        "value": 0.42424242424242425,
        "n": 165,
        "ppa_mean": 0.36880966906114315
      },
      "2:medium": {
        "value": 0.43478260869565216,
        "n": 69,
        "ppa_mean": 0.15544504788199845
      },
      "2:short": {
        "value": 0.24528301886792453,
        "n": 53,
        "ppa_mean": 0.18078511621620505
      },
      "2:xlong": {
        "value": 0.6511627906976745,
        "n": 43,
        "ppa_mean": -0.14094651292189378
      },
      "3:long": {
        "value": 0.7884615384615384,
        "n": 52,
        "ppa_mean": 0.4374209032350238
      },
      "3:medium": {
        "value": 0.7254901960784313,
        "n": 51,
        "ppa_mean": 0.6243182398462213
      },
      "3:short": {
        "value": 0.3333333333333333,
        "n": 45,
        "ppa_mean": 0.7303640816252763
      },
      "3:xlong": {
        "value": 0.7,
        "n": 40,
        "ppa_mean": 0.25607975481039685
      }
    },
    "run_pass_by_field_zone": {
      "backed_up": {
        "value": 0.4868421052631579,
        "n": 76,
        "ppa_mean": 0.29290978211285185
      },
      "fringe": {
        "value": 0.5116279069767442,
        "n": 129,
        "ppa_mean": -0.09725423913870089
      },
      "midfield": {
        "value": 0.520618556701031,
        "n": 194,
        "ppa_mean": -0.15398511823239286
      },
      "own_side": {
        "value": 0.45318352059925093,
        "n": 267,
        "ppa_mean": 0.2019452579433149
      },
      "red_zone": {
        "value": 0.39473684210526316,
        "n": 114,
        "ppa_mean": 0.26254028282590686
      }
    },
    "pace_by_game_state": {
      "neutral": {
        "value": 33,
        "n": 913
      },
      "leading": {
        "value": 34.0,
        "n": 568
      },
      "trailing": {
        "value": 26.0,
        "n": 326
      }
    },
    "red_zone": {
      "value": 0.4021164021164021,
      "n": 378,
      "ppa_mean": 0.28207225124907404,
      "trips": 142,
      "td_per_trip": 0.5704225352112676
    },
    "short_yardage": {
      "rush_rate": 0.6862745098039216,
      "n": 51,
      "ppa_mean": 0.5441933878318833,
      "conversion_rate": 0.6274509803921569
    },
    "opening_script": {
      "pass_rate_early_downs": 0.4403470715835141,
      "n": 461,
      "delta_vs_neutral": -0.034011902775460234
    }
  },
  "predictability": {
    "index": 0.04989188365966956,
    "n": 939,
    "per_bucket": {
      "1:long": {
        "pass_rate": 0.5249406175771971,
        "league": 0.4852459016393443,
        "deviation": 0.03969471593785284,
        "n": 421
      },
      "2:long": {
        "pass_rate": 0.42424242424242425,
        "league": 0.5316455696202531,
        "deviation": -0.10740314537782886,
        "n": 165
      },
      "2:medium": {
        "pass_rate": 0.43478260869565216,
        "league": 0.4133949191685912,
        "deviation": 0.021387689527060938,
        "n": 69
      },
      "2:short": {
        "pass_rate": 0.24528301886792453,
        "league": 0.2576271186440678,
        "deviation": -0.012344099776143258,
        "n": 53
      },
      "2:xlong": {
        "pass_rate": 0.6511627906976745,
        "league": 0.6702127659574468,
        "deviation": -0.019049975259772367,
        "n": 43
      },
      "3:long": {
        "pass_rate": 0.7884615384615384,
        "league": 0.8298507462686567,
        "deviation": -0.0413892078071183,
        "n": 52
      },
      "3:medium": {
        "pass_rate": 0.7254901960784313,
        "league": 0.7581699346405228,
        "deviation": -0.0326797385620915,
        "n": 51
      },
      "3:short": {
        "pass_rate": 0.3333333333333333,
        "league": 0.33035714285714285,
        "deviation": 0.0029761904761904656,
        "n": 45
      },
      "3:xlong": {
        "pass_rate": 0.7,
        "league": 0.8378378378378378,
        "deviation": -0.13783783783783787,
        "n": 40
      }
    },
    "most_predictable": [
      "3:xlong",
      "2:long",
      "3:long"
    ]
  },
  "stability": {
    "neutral_pass_rate": {
      "per_season": {
        "BYU 2023": 0.5135135135135135,
        "BYU 2024": 0.483271375464684,
        "BYU 2025": 0.4359861591695502
      },
      "spread": 0.0775273543439633,
      "n_seasons": 3
    },
    "sec_per_play": {
      "per_season": {
        "BYU 2024": 37,
        "BYU 2025": 33.5
      },
      "spread": 3.5,
      "n_seasons": 2
    },
    "fourth_down_go_rate": {
      "per_season": {},
      "spread": null,
      "n_seasons": 0
    },
    "explosive_pass_rate": {
      "per_season": {
        "BYU 2023": 0.12422360248447205,
        "BYU 2024": 0.13218390804597702,
        "BYU 2025": 0.09195402298850575
      },
      "spread": 0.04022988505747127,
      "n_seasons": 3
    }
  },
  "sticky_by_season": {
    "BYU 2023": {
      "neutral_pass_rate": {
        "value": 0.5135135135135135,
        "n": 222
      },
      "sec_per_play": {
        "value": 32,
        "n": 83
      },
      "fourth_down_go_rate": {
        "value": 0.8,
        "n": 5
      },
      "explosive_pass_rate": {
        "value": 0.12422360248447205,
        "n": 161
      }
    },
    "BYU 2024": {
      "neutral_pass_rate": {
        "value": 0.483271375464684,
        "n": 269
      },
      "sec_per_play": {
        "value": 37,
        "n": 257
      },
      "fourth_down_go_rate": {
        "value": 1.0,
        "n": 7
      },
      "explosive_pass_rate": {
        "value": 0.13218390804597702,
        "n": 174
      }
    },
    "BYU 2025": {
      "neutral_pass_rate": {
        "value": 0.4359861591695502,
        "n": 289
      },
      "sec_per_play": {
        "value": 33.5,
        "n": 352
      },
      "fourth_down_go_rate": {
        "value": 1.0,
        "n": 5
      },
      "explosive_pass_rate": {
        "value": 0.09195402298850575,
        "n": 174
      }
    }
  }
}
