{
  "coach": "Seth Doege",
  "stints_profiled": [
    {
      "school": "Marshall",
      "season": 2024,
      "n_games": 13,
      "n_plays": 1154
    },
    {
      "school": "Arizona",
      "season": 2025,
      "n_games": 13,
      "n_plays": 1196
    }
  ],
  "fragments_excluded": [],
  "pooled_profile": {
    "n_plays": 2350,
    "n_games": 26,
    "sticky": {
      "neutral_pass_rate": {
        "value": 0.4226086956521739,
        "n": 575
      },
      "sec_per_play": {
        "value": 30,
        "n": 641
      },
      "fourth_down_go_rate": {
        "value": 0.16666666666666666,
        "n": 12
      },
      "explosive_pass_rate": {
        "value": 0.0718232044198895,
        "n": 362
      }
    },
    "run_pass_by_down_distance": {
      "1:long": {
        "value": 0.4163934426229508,
        "n": 305,
        "ppa_mean": 0.052100994741450905
      },
      "1:medium": {
        "value": 0.3333333333333333,
        "n": 6,
        "ppa_mean": -0.2992525233111365
      },
      "1:short": {
        "value": 0.0,
        "n": 6,
        "ppa_mean": 0.5239395578511788
      },
      "1:xlong": {
        "value": 0.3333333333333333,
        "n": 9,
        "ppa_mean": 0.37113828545803446
      },
      "2:long": {
        "value": 0.5084745762711864,
        "n": 118,
        "ppa_mean": 0.31447236248869753
      },
      "2:medium": {
        "value": 0.3181818181818182,
        "n": 66,
        "ppa_mean": 0.0911004193924208
      },
      "2:short": {
        "value": 0.4166666666666667,
        "n": 36,
        "ppa_mean": -0.0477959884817582
      },
      "2:xlong": {
        "value": 0.5172413793103449,
        "n": 29,
        "ppa_mean": 0.242384867175947
      },
      "3:long": {
        "value": 0.8333333333333334,
        "n": 42,
        "ppa_mean": 0.28413964553285465
      },
      "3:medium": {
        "value": 0.9545454545454546,
        "n": 44,
        "ppa_mean": 0.7518987024487274
      },
      "3:short": {
        "value": 0.34210526315789475,
        "n": 38,
        "ppa_mean": 0.37192329327455803
      },
      "3:xlong": {
        "value": 0.8,
        "n": 25,
        "ppa_mean": 0.21301923753647437
      }
    },
    "run_pass_by_field_zone": {
      "backed_up": {
        "value": 0.37735849056603776,
        "n": 53,
        "ppa_mean": 0.29646804171729557
      },
      "fringe": {
        "value": 0.3942307692307692,
        "n": 104,
        "ppa_mean": -0.045486020972965356
      },
      "midfield": {
        "value": 0.4785714285714286,
        "n": 140,
        "ppa_mean": -0.06142016980044111
      },
      "own_side": {
        "value": 0.45161290322580644,
        "n": 186,
        "ppa_mean": 0.2836749072440777
      },
      "red_zone": {
        "value": 0.33695652173913043,
        "n": 92,
        "ppa_mean": 0.1506638389528852
      }
    },
    "pace_by_game_state": {
      "neutral": {
        "value": 30,
        "n": 797
      },
      "leading": {
        "value": 28.0,
        "n": 440
      },
      "trailing": {
        "value": 25,
        "n": 207
      }
    },
    "red_zone": {
      "value": 0.4584837545126354,
      "n": 277,
      "ppa_mean": 0.22483982703400698,
      "trips": 101,
      "td_per_trip": 0.5247524752475248
    },
    "short_yardage": {
      "rush_rate": 0.78125,
      "n": 32,
      "ppa_mean": 0.5023226937771124,
      "conversion_rate": 0.6875
    },
    "opening_script": {
      "pass_rate_early_downs": 0.42586750788643535,
      "n": 317,
      "delta_vs_neutral": 0.0032588122342614434
    }
  },
  "predictability": {
    "index": 0.04855317447895816,
    "n": 703,
    "per_bucket": {
      "1:long": {
        "pass_rate": 0.4163934426229508,
        "league": 0.44516129032258067,
        "deviation": -0.028767847699629867,
        "n": 305
      },
      "2:long": {
        "pass_rate": 0.5084745762711864,
        "league": 0.519434628975265,
        "deviation": -0.010960052704078627,
        "n": 118
      },
      "2:medium": {
        "pass_rate": 0.3181818181818182,
        "league": 0.3997194950911641,
        "deviation": -0.08153767690934594,
        "n": 66
      },
      "2:short": {
        "pass_rate": 0.4166666666666667,
        "league": 0.29179646936656284,
        "deviation": 0.12487019730010385,
        "n": 36
      },
      "2:xlong": {
        "pass_rate": 0.5172413793103449,
        "league": 0.6548165137614679,
        "deviation": -0.13757513445112302,
        "n": 29
      },
      "3:long": {
        "pass_rate": 0.8333333333333334,
        "league": 0.8386473429951691,
        "deviation": -0.005314009661835706,
        "n": 42
      },
      "3:medium": {
        "pass_rate": 0.9545454545454546,
        "league": 0.7417289220917823,
        "deviation": 0.21281653245367227,
        "n": 44
      },
      "3:short": {
        "pass_rate": 0.34210526315789475,
        "league": 0.32620817843866173,
        "deviation": 0.015897084719233012,
        "n": 38
      },
      "3:xlong": {
        "pass_rate": 0.8,
        "league": 0.7996918335901386,
        "deviation": 0.0003081664098614212,
        "n": 25
      }
    },
    "most_predictable": [
      "3:medium",
      "2:xlong",
      "2:short"
    ]
  },
  "stability": {
    "neutral_pass_rate": {
      "per_season": {
        "Marshall 2024": 0.3673469387755102,
        "Arizona 2025": 0.4804270462633452
      },
      "spread": 0.11308010748783498,
      "n_seasons": 2
    },
    "sec_per_play": {
      "per_season": {
        "Marshall 2024": 30.0,
        "Arizona 2025": 29
      },
      "spread": 1.0,
      "n_seasons": 2
    },
    "fourth_down_go_rate": {
      "per_season": {},
      "spread": null,
      "n_seasons": 0
    },
    "explosive_pass_rate": {
      "per_season": {
        "Marshall 2024": 0.07878787878787878,
        "Arizona 2025": 0.06598984771573604
      },
      "spread": 0.012798031072142738,
      "n_seasons": 2
    }
  },
  "sticky_by_season": {
    "Marshall 2024": {
      "neutral_pass_rate": {
        "value": 0.3673469387755102,
        "n": 294
      },
      "sec_per_play": {
        "value": 30.0,
        "n": 294
      },
      "fourth_down_go_rate": {
        "value": 0.14285714285714285,
        "n": 7
      },
      "explosive_pass_rate": {
        "value": 0.07878787878787878,
        "n": 165
      }
    },
    "Arizona 2025": {
      "neutral_pass_rate": {
        "value": 0.4804270462633452,
        "n": 281
      },
      "sec_per_play": {
        "value": 29,
        "n": 347
      },
      "fourth_down_go_rate": {
        "value": 0.2,
        "n": 5
      },
      "explosive_pass_rate": {
        "value": 0.06598984771573604,
        "n": 197
      }
    }
  }
}
