{
  "caveat": "Baseline from all offensive plays currently in sideline.plays \u2014 biased toward games involving the fully ingested teams. Firms up as the ingest queue lands.",
  "n_plays": 19475,
  "buckets": {
    "1:long": {
      "pass_rate": 0.4852459016393443,
      "n": 2440
    },
    "1:medium": {
      "pass_rate": 0.26666666666666666,
      "n": 60
    },
    "1:short": {
      "pass_rate": 0.14516129032258066,
      "n": 62
    },
    "1:xlong": {
      "pass_rate": 0.5555555555555556,
      "n": 90
    },
    "2:long": {
      "pass_rate": 0.5316455696202531,
      "n": 948
    },
    "2:medium": {
      "pass_rate": 0.4133949191685912,
      "n": 433
    },
    "2:short": {
      "pass_rate": 0.2576271186440678,
      "n": 295
    },
    "2:xlong": {
      "pass_rate": 0.6702127659574468,
      "n": 282
    },
    "3:long": {
      "pass_rate": 0.8298507462686567,
      "n": 335
    },
    "3:medium": {
      "pass_rate": 0.7581699346405228,
      "n": 306
    },
    "3:short": {
      "pass_rate": 0.33035714285714285,
      "n": 336
    },
    "3:xlong": {
      "pass_rate": 0.8378378378378378,
      "n": 222
    }
  }
}
