{
  "school": "BYU",
  "season": 2025,
  "games_in_db": 14,
  "profile": {
    "n_plays": 1284,
    "n_games": 14,
    "sticky": {
      "neutral_pass_rate": {
        "value": 0.4359861591695502,
        "n": 289
      },
      "sec_per_play": {
        "value": 33.5,
        "n": 352
      },
      "fourth_down_go_rate": {
        "value": 1.0,
        "n": 5
      },
      "explosive_pass_rate": {
        "value": 0.09195402298850575,
        "n": 174
      }
    },
    "run_pass_by_down_distance": {
      "1:long": {
        "value": 0.487012987012987,
        "n": 154,
        "ppa_mean": -0.0010298901179647793
      },
      "1:medium": {
        "value": 0.0,
        "n": 4,
        "ppa_mean": 0.07468678300880094
      },
      "1:short": {
        "value": 0.25,
        "n": 4,
        "ppa_mean": 0.011068270042924877
      },
      "1:xlong": {
        "value": 0.6666666666666666,
        "n": 3,
        "ppa_mean": -0.5828759378171661
      },
      "2:long": {
        "value": 0.4074074074074074,
        "n": 54,
        "ppa_mean": 0.3703545715726572
      },
      "2:medium": {
        "value": 0.35294117647058826,
        "n": 34,
        "ppa_mean": 0.16796760992350757
      },
      "2:short": {
        "value": 0.05263157894736842,
        "n": 19,
        "ppa_mean": 0.18224819370963138
      },
      "2:xlong": {
        "value": 0.7647058823529411,
        "n": 17,
        "ppa_mean": -0.12730035902802445
      },
      "3:long": {
        "value": 0.8333333333333334,
        "n": 18,
        "ppa_mean": 0.6116048688679439
      },
      "3:medium": {
        "value": 0.68,
        "n": 25,
        "ppa_mean": 0.5976113463363605
      },
      "3:short": {
        "value": 0.2777777777777778,
        "n": 18,
        "ppa_mean": 0.7391000521004436
      },
      "3:xlong": {
        "value": 0.46153846153846156,
        "n": 13,
        "ppa_mean": 0.31336107294700094
      }
    },
    "run_pass_by_field_zone": {
      "backed_up": {
        "value": 0.34375,
        "n": 32,
        "ppa_mean": 0.417901659330235
      },
      "fringe": {
        "value": 0.4883720930232558,
        "n": 43,
        "ppa_mean": 0.06347499265887609
      },
      "midfield": {
        "value": 0.5308641975308642,
        "n": 81,
        "ppa_mean": -0.19990974068580283
      },
      "own_side": {
        "value": 0.4044943820224719,
        "n": 89,
        "ppa_mean": 0.16517686162280296
      },
      "red_zone": {
        "value": 0.3409090909090909,
        "n": 44,
        "ppa_mean": 0.24622988700317128
      }
    },
    "pace_by_game_state": {
      "neutral": {
        "value": 33.0,
        "n": 442
      },
      "leading": {
        "value": 33.0,
        "n": 280
      },
      "trailing": {
        "value": 27,
        "n": 141
      }
    },
    "red_zone": {
      "value": 0.39375,
      "n": 160,
      "ppa_mean": 0.30977483333657685,
      "trips": 58,
      "td_per_trip": 0.5172413793103449
    },
    "short_yardage": {
      "rush_rate": 0.6956521739130435,
      "n": 23,
      "ppa_mean": 0.33829923715521704,
      "conversion_rate": 0.6521739130434783
    },
    "opening_script": {
      "pass_rate_early_downs": 0.39263803680981596,
      "n": 163,
      "delta_vs_neutral": -0.04334812235973423
    }
  },
  "predictability": {
    "index": 0.05853302299768174,
    "n": 267,
    "per_bucket": {
      "1:long": {
        "pass_rate": 0.487012987012987,
        "league": 0.44516129032258067,
        "deviation": 0.04185169669040634,
        "n": 154
      },
      "2:long": {
        "pass_rate": 0.4074074074074074,
        "league": 0.519434628975265,
        "deviation": -0.11202722156785766,
        "n": 54
      },
      "2:medium": {
        "pass_rate": 0.35294117647058826,
        "league": 0.3997194950911641,
        "deviation": -0.046778318620575854,
        "n": 34
      },
      "3:medium": {
        "pass_rate": 0.68,
        "league": 0.7417289220917823,
        "deviation": -0.06172892209178227,
        "n": 25
      }
    },
    "most_predictable": [
      "2:long",
      "3:medium",
      "2:medium"
    ]
  }
}
