{
  "school": "Kansas",
  "season": 2022,
  "games_in_db": 13,
  "profile": {
    "n_plays": 1081,
    "n_games": 13,
    "sticky": {
      "neutral_pass_rate": {
        "value": 0.43434343434343436,
        "n": 198
      },
      "sec_per_play": {
        "value": 33,
        "n": 127
      },
      "fourth_down_go_rate": {
        "value": 0.2857142857142857,
        "n": 7
      },
      "explosive_pass_rate": {
        "value": 0.1794871794871795,
        "n": 117
      }
    },
    "run_pass_by_down_distance": {
      "1:long": {
        "value": 0.4339622641509434,
        "n": 106,
        "ppa_mean": 0.2306706316698328
      },
      "1:medium": {
        "value": 0.5,
        "n": 4,
        "ppa_mean": 0.17326458886635737
      },
      "1:short": {
        "value": 0.0,
        "n": 2,
        "ppa_mean": 0.25106038518938706
      },
      "1:xlong": {
        "value": 0.4,
        "n": 5,
        "ppa_mean": -1.0783658924534008
      },
      "2:long": {
        "value": 0.34210526315789475,
        "n": 38,
        "ppa_mean": 0.411000602913412
      },
      "2:medium": {
        "value": 0.5833333333333334,
        "n": 24,
        "ppa_mean": 0.6777273004581188
      },
      "2:short": {
        "value": 0.38461538461538464,
        "n": 13,
        "ppa_mean": 0.2903366878480285
      },
      "2:xlong": {
        "value": 0.6666666666666666,
        "n": 6,
        "ppa_mean": 0.5786031385724072
      },
      "3:long": {
        "value": 0.6153846153846154,
        "n": 13,
        "ppa_mean": 0.5632058702672827
      },
      "3:medium": {
        "value": 0.5384615384615384,
        "n": 13,
        "ppa_mean": 0.9882413016154441
      },
      "3:short": {
        "value": 0.3888888888888889,
        "n": 18,
        "ppa_mean": 1.0342912070133654
      },
      "3:xlong": {
        "value": 0.8571428571428571,
        "n": 7,
        "ppa_mean": 0.5627256711663763
      }
    },
    "run_pass_by_field_zone": {
      "backed_up": {
        "value": 0.35714285714285715,
        "n": 14,
        "ppa_mean": 0.5908597185976819
      },
      "fringe": {
        "value": 0.4857142857142857,
        "n": 35,
        "ppa_mean": 0.3130742123679893
      },
      "midfield": {
        "value": 0.4782608695652174,
        "n": 46,
        "ppa_mean": -0.2167407524981421
      },
      "own_side": {
        "value": 0.4027777777777778,
        "n": 72,
        "ppa_mean": 0.34282255511317755
      },
      "red_zone": {
        "value": 0.41935483870967744,
        "n": 31,
        "ppa_mean": 0.8206815377181091
      }
    },
    "pace_by_game_state": {
      "neutral": {
        "value": 31.0,
        "n": 184
      },
      "leading": {
        "value": 30,
        "n": 61
      },
      "trailing": {
        "value": 27,
        "n": 131
      }
    },
    "red_zone": {
      "value": 0.39436619718309857,
      "n": 142,
      "ppa_mean": 0.5517890518450944,
      "trips": 62,
      "td_per_trip": 0.6935483870967742
    },
    "short_yardage": {
      "rush_rate": 0.6428571428571429,
      "n": 14,
      "ppa_mean": 1.172193446591333,
      "conversion_rate": 0.7857142857142857
    },
    "opening_script": {
      "pass_rate_early_downs": 0.4155844155844156,
      "n": 154,
      "delta_vs_neutral": -0.018759018759018753
    }
  },
  "predictability": {
    "index": 0.0734068142444386,
    "n": 168,
    "per_bucket": {
      "1:long": {
        "pass_rate": 0.4339622641509434,
        "league": 0.44516129032258067,
        "deviation": -0.01119902617163726,
        "n": 106
      },
      "2:long": {
        "pass_rate": 0.34210526315789475,
        "league": 0.519434628975265,
        "deviation": -0.1773293658173703,
        "n": 38
      },
      "2:medium": {
        "pass_rate": 0.5833333333333334,
        "league": 0.3997194950911641,
        "deviation": 0.18361383824216926,
        "n": 24
      }
    },
    "most_predictable": [
      "2:medium",
      "2:long",
      "1:long"
    ]
  }
}
