{
  "school": "Kansas",
  "season": 2025,
  "games_in_db": 12,
  "profile": {
    "n_plays": 1021,
    "n_games": 12,
    "sticky": {
      "neutral_pass_rate": {
        "value": 0.4115384615384615,
        "n": 260
      },
      "sec_per_play": {
        "value": 35,
        "n": 279
      },
      "fourth_down_go_rate": {
        "value": 0.5714285714285714,
        "n": 7
      },
      "explosive_pass_rate": {
        "value": 0.152317880794702,
        "n": 151
      }
    },
    "run_pass_by_down_distance": {
      "1:long": {
        "value": 0.34057971014492755,
        "n": 138,
        "ppa_mean": 0.23596156087847617
      },
      "1:medium": {
        "value": 0.5,
        "n": 4,
        "ppa_mean": -0.5711006671608925
      },
      "1:short": {
        "value": 0.0,
        "n": 4,
        "ppa_mean": 0.7321478414307425
      },
      "1:xlong": {
        "value": 0.4,
        "n": 5,
        "ppa_mean": 0.6547448072371601
      },
      "2:long": {
        "value": 0.5609756097560976,
        "n": 41,
        "ppa_mean": 0.3648339913251103
      },
      "2:medium": {
        "value": 0.5555555555555556,
        "n": 27,
        "ppa_mean": -0.11819565313751086
      },
      "2:short": {
        "value": 0.3333333333333333,
        "n": 24,
        "ppa_mean": 0.11960905104491977
      },
      "2:xlong": {
        "value": 0.5882352941176471,
        "n": 17,
        "ppa_mean": 0.20814115267904995
      },
      "3:long": {
        "value": 0.7857142857142857,
        "n": 14,
        "ppa_mean": 0.139571119316001
      },
      "3:medium": {
        "value": 0.782608695652174,
        "n": 23,
        "ppa_mean": 0.820764407886782
      },
      "3:short": {
        "value": 0.2222222222222222,
        "n": 18,
        "ppa_mean": 0.7104919899617083
      },
      "3:xlong": {
        "value": 0.5454545454545454,
        "n": 11,
        "ppa_mean": -0.1388878053258951
      }
    },
    "run_pass_by_field_zone": {
      "backed_up": {
        "value": 0.38461538461538464,
        "n": 13,
        "ppa_mean": 0.6921600900411955
      },
      "fringe": {
        "value": 0.4634146341463415,
        "n": 41,
        "ppa_mean": -0.0310077293620254
      },
      "midfield": {
        "value": 0.47560975609756095,
        "n": 82,
        "ppa_mean": 0.07489632867581124
      },
      "own_side": {
        "value": 0.39325842696629215,
        "n": 89,
        "ppa_mean": 0.3485498783294162
      },
      "red_zone": {
        "value": 0.2571428571428571,
        "n": 35,
        "ppa_mean": 0.27906667358018566
      }
    },
    "pace_by_game_state": {
      "neutral": {
        "value": 34,
        "n": 341
      },
      "leading": {
        "value": 36,
        "n": 141
      },
      "trailing": {
        "value": 26,
        "n": 173
      }
    },
    "red_zone": {
      "value": 0.29508196721311475,
      "n": 122,
      "ppa_mean": 0.16160932916578077,
      "trips": 47,
      "td_per_trip": 0.5531914893617021
    },
    "short_yardage": {
      "rush_rate": 0.6666666666666666,
      "n": 15,
      "ppa_mean": 1.3643727698862238,
      "conversion_rate": 0.8
    },
    "opening_script": {
      "pass_rate_early_downs": 0.4714285714285714,
      "n": 140,
      "delta_vs_neutral": 0.0598901098901099
    }
  },
  "predictability": {
    "index": 0.08806376061723453,
    "n": 253,
    "per_bucket": {
      "1:long": {
        "pass_rate": 0.34057971014492755,
        "league": 0.44516129032258067,
        "deviation": -0.10458158017765312,
        "n": 138
      },
      "2:long": {
        "pass_rate": 0.5609756097560976,
        "league": 0.519434628975265,
        "deviation": 0.04154098078083257,
        "n": 41
      },
      "2:medium": {
        "pass_rate": 0.5555555555555556,
        "league": 0.3997194950911641,
        "deviation": 0.15583606046439147,
        "n": 27
      },
      "2:short": {
        "pass_rate": 0.3333333333333333,
        "league": 0.29179646936656284,
        "deviation": 0.041536863966770476,
        "n": 24
      },
      "3:medium": {
        "pass_rate": 0.782608695652174,
        "league": 0.7417289220917823,
        "deviation": 0.04087977356039163,
        "n": 23
      }
    },
    "most_predictable": [
      "2:medium",
      "1:long",
      "2:long"
    ]
  }
}
