{
  "school": "Kansas",
  "season": 2021,
  "games_in_db": 12,
  "profile": {
    "n_plays": 979,
    "n_games": 12,
    "sticky": {
      "neutral_pass_rate": {
        "value": 0.3422222222222222,
        "n": 225
      },
      "sec_per_play": {
        "value": 34.0,
        "n": 178
      },
      "fourth_down_go_rate": {
        "value": 0.3333333333333333,
        "n": 9
      },
      "explosive_pass_rate": {
        "value": 0.10655737704918032,
        "n": 122
      }
    },
    "run_pass_by_down_distance": {
      "1:long": {
        "value": 0.36134453781512604,
        "n": 119,
        "ppa_mean": 0.07837933207206098
      },
      "1:medium": {
        "value": 0.0,
        "n": 2,
        "ppa_mean": 0.15614740179392061
      },
      "1:short": {
        "value": 0.0,
        "n": 2,
        "ppa_mean": 1.0756282863962705
      },
      "1:xlong": {
        "value": 0.0,
        "n": 2,
        "ppa_mean": 0.9919362075674978
      },
      "2:long": {
        "value": 0.3469387755102041,
        "n": 49,
        "ppa_mean": 0.11202013651866402
      },
      "2:medium": {
        "value": 0.5,
        "n": 20,
        "ppa_mean": -0.06655208653887468
      },
      "2:short": {
        "value": 0.17647058823529413,
        "n": 17,
        "ppa_mean": -0.03696652277272891
      },
      "2:xlong": {
        "value": 0.2857142857142857,
        "n": 14,
        "ppa_mean": 0.16937199152028853
      },
      "3:long": {
        "value": 0.7727272727272727,
        "n": 22,
        "ppa_mean": 0.560474603675199
      },
      "3:medium": {
        "value": 0.9375,
        "n": 16,
        "ppa_mean": 0.4891085500853274
      },
      "3:short": {
        "value": 0.21052631578947367,
        "n": 19,
        "ppa_mean": 0.4689127515532419
      },
      "3:xlong": {
        "value": 0.6,
        "n": 10,
        "ppa_mean": 0.44581316357508216
      }
    },
    "run_pass_by_field_zone": {
      "backed_up": {
        "value": 0.16666666666666666,
        "n": 12,
        "ppa_mean": -0.02598495904724622
      },
      "fringe": {
        "value": 0.42424242424242425,
        "n": 33,
        "ppa_mean": -0.2605274495231593
      },
      "midfield": {
        "value": 0.4166666666666667,
        "n": 48,
        "ppa_mean": 0.02752890190812481
      },
      "own_side": {
        "value": 0.36666666666666664,
        "n": 90,
        "ppa_mean": 0.21520594108105165
      },
      "red_zone": {
        "value": 0.19047619047619047,
        "n": 42,
        "ppa_mean": 0.18796641940052156
      }
    },
    "pace_by_game_state": {
      "neutral": {
        "value": 32.5,
        "n": 218
      },
      "leading": {
        "value": 34.0,
        "n": 14
      },
      "trailing": {
        "value": 29,
        "n": 237
      }
    },
    "red_zone": {
      "value": 0.425,
      "n": 120,
      "ppa_mean": 0.1427510483803328,
      "trips": 39,
      "td_per_trip": 0.6153846153846154
    },
    "short_yardage": {
      "rush_rate": 0.8571428571428571,
      "n": 14,
      "ppa_mean": 0.644677037985212,
      "conversion_rate": 0.7142857142857143
    },
    "opening_script": {
      "pass_rate_early_downs": 0.3115942028985507,
      "n": 138,
      "delta_vs_neutral": -0.030628019323671485
    }
  },
  "predictability": {
    "index": 0.1042016286297406,
    "n": 210,
    "per_bucket": {
      "1:long": {
        "pass_rate": 0.36134453781512604,
        "league": 0.44516129032258067,
        "deviation": -0.08381675250745463,
        "n": 119
      },
      "2:long": {
        "pass_rate": 0.3469387755102041,
        "league": 0.519434628975265,
        "deviation": -0.17249585346506097,
        "n": 49
      },
      "2:medium": {
        "pass_rate": 0.5,
        "league": 0.3997194950911641,
        "deviation": 0.10028050490883589,
        "n": 20
      },
      "3:long": {
        "pass_rate": 0.7727272727272727,
        "league": 0.8386473429951691,
        "deviation": -0.06592007026789637,
        "n": 22
      }
    },
    "most_predictable": [
      "2:long",
      "2:medium",
      "1:long"
    ]
  }
}
