{
  "school": "Marshall",
  "season": 2024,
  "games_in_db": 13,
  "profile": {
    "n_plays": 1154,
    "n_games": 13,
    "sticky": {
      "neutral_pass_rate": {
        "value": 0.3673469387755102,
        "n": 294
      },
      "sec_per_play": {
        "value": 30.0,
        "n": 294
      },
      "fourth_down_go_rate": {
        "value": 0.14285714285714285,
        "n": 7
      },
      "explosive_pass_rate": {
        "value": 0.07878787878787878,
        "n": 165
      }
    },
    "run_pass_by_down_distance": {
      "1:long": {
        "value": 0.3790849673202614,
        "n": 153,
        "ppa_mean": 0.13036397908251865
      },
      "1:medium": {
        "value": 0.0,
        "n": 2,
        "ppa_mean": -0.33113555932405875
      },
      "1:short": {
        "value": 0.0,
        "n": 4,
        "ppa_mean": 0.6543797473089707
      },
      "1:xlong": {
        "value": 0.3333333333333333,
        "n": 6,
        "ppa_mean": -0.1910059340428724
      },
      "2:long": {
        "value": 0.44642857142857145,
        "n": 56,
        "ppa_mean": 0.33176104544543145
      },
      "2:medium": {
        "value": 0.24324324324324326,
        "n": 37,
        "ppa_mean": 0.08167241352564507
      },
      "2:short": {
        "value": 0.34782608695652173,
        "n": 23,
        "ppa_mean": -0.1361900271641246
      },
      "2:xlong": {
        "value": 0.46153846153846156,
        "n": 13,
        "ppa_mean": 0.2438444348549598
      },
      "3:long": {
        "value": 0.7692307692307693,
        "n": 26,
        "ppa_mean": 0.3662654617877462
      },
      "3:medium": {
        "value": 0.9130434782608695,
        "n": 23,
        "ppa_mean": 0.7080921793033339
      },
      "3:short": {
        "value": 0.3888888888888889,
        "n": 18,
        "ppa_mean": 0.5575478038276027
      },
      "3:xlong": {
        "value": 0.75,
        "n": 8,
        "ppa_mean": 0.28113993676550364
      }
    },
    "run_pass_by_field_zone": {
      "backed_up": {
        "value": 0.4117647058823529,
        "n": 34,
        "ppa_mean": 0.344321223325219
      },
      "fringe": {
        "value": 0.3090909090909091,
        "n": 55,
        "ppa_mean": 0.045282176523643976
      },
      "midfield": {
        "value": 0.42424242424242425,
        "n": 66,
        "ppa_mean": -0.07143850928943074
      },
      "own_side": {
        "value": 0.4270833333333333,
        "n": 96,
        "ppa_mean": 0.2684748134621658
      },
      "red_zone": {
        "value": 0.18604651162790697,
        "n": 43,
        "ppa_mean": 0.1659749804317486
      }
    },
    "pace_by_game_state": {
      "neutral": {
        "value": 30.5,
        "n": 330
      },
      "leading": {
        "value": 31,
        "n": 217
      },
      "trailing": {
        "value": 34.5,
        "n": 58
      }
    },
    "red_zone": {
      "value": 0.38317757009345793,
      "n": 107,
      "ppa_mean": 0.39908008117850796,
      "trips": 46,
      "td_per_trip": 0.6086956521739131
    },
    "short_yardage": {
      "rush_rate": 0.7692307692307693,
      "n": 13,
      "ppa_mean": 0.47817850701284337,
      "conversion_rate": 0.6923076923076923
    },
    "opening_script": {
      "pass_rate_early_downs": 0.36477987421383645,
      "n": 159,
      "delta_vs_neutral": -0.002567064561673771
    }
  },
  "predictability": {
    "index": 0.08497290841092835,
    "n": 318,
    "per_bucket": {
      "1:long": {
        "pass_rate": 0.3790849673202614,
        "league": 0.44516129032258067,
        "deviation": -0.06607632300231925,
        "n": 153
      },
      "2:long": {
        "pass_rate": 0.44642857142857145,
        "league": 0.519434628975265,
        "deviation": -0.07300605754669359,
        "n": 56
      },
      "2:medium": {
        "pass_rate": 0.24324324324324326,
        "league": 0.3997194950911641,
        "deviation": -0.15647625184792086,
        "n": 37
      },
      "2:short": {
        "pass_rate": 0.34782608695652173,
        "league": 0.29179646936656284,
        "deviation": 0.05602961758995889,
        "n": 23
      },
      "3:long": {
        "pass_rate": 0.7692307692307693,
        "league": 0.8386473429951691,
        "deviation": -0.0694165737643998,
        "n": 26
      },
      "3:medium": {
        "pass_rate": 0.9130434782608695,
        "league": 0.7417289220917823,
        "deviation": 0.1713145561690872,
        "n": 23
      }
    },
    "most_predictable": [
      "3:medium",
      "2:medium",
      "2:long"
    ]
  }
}
