{
  "school": "Penn State",
  "season": 2024,
  "games_in_db": 16,
  "profile": {
    "n_plays": 1367,
    "n_games": 16,
    "sticky": {
      "neutral_pass_rate": {
        "value": 0.41688654353562005,
        "n": 379
      },
      "sec_per_play": {
        "value": 34,
        "n": 369
      },
      "fourth_down_go_rate": {
        "value": 0.125,
        "n": 8
      },
      "explosive_pass_rate": {
        "value": 0.10550458715596331,
        "n": 218
      }
    },
    "run_pass_by_down_distance": {
      "1:long": {
        "value": 0.3878504672897196,
        "n": 214,
        "ppa_mean": 0.28069718609365907
      },
      "1:medium": {
        "value": 0.0,
        "n": 5,
        "ppa_mean": -0.41476095349099884
      },
      "1:short": {
        "value": 0.0,
        "n": 2,
        "ppa_mean": 0.3886673964652144
      },
      "1:xlong": {
        "value": 0.5,
        "n": 6,
        "ppa_mean": -0.0443400540153994
      },
      "2:long": {
        "value": 0.5818181818181818,
        "n": 55,
        "ppa_mean": 0.3353300375750183
      },
      "2:medium": {
        "value": 0.36585365853658536,
        "n": 41,
        "ppa_mean": 0.012031968125166251
      },
      "2:short": {
        "value": 0.375,
        "n": 40,
        "ppa_mean": -0.2215023297974418
      },
      "2:xlong": {
        "value": 0.625,
        "n": 16,
        "ppa_mean": 0.6397732317174115
      },
      "3:long": {
        "value": 0.9333333333333333,
        "n": 15,
        "ppa_mean": 0.10328923078149047
      },
      "3:medium": {
        "value": 0.75,
        "n": 24,
        "ppa_mean": 0.5803143312301859
      },
      "3:short": {
        "value": 0.3611111111111111,
        "n": 36,
        "ppa_mean": 0.583805977565104
      },
      "3:xlong": {
        "value": 0.75,
        "n": 12,
        "ppa_mean": 0.573168145527919
      }
    },
    "run_pass_by_field_zone": {
      "backed_up": {
        "value": 0.38095238095238093,
        "n": 42,
        "ppa_mean": 0.2206856102598159
      },
      "fringe": {
        "value": 0.45714285714285713,
        "n": 70,
        "ppa_mean": -0.014331575343529785
      },
      "midfield": {
        "value": 0.4065934065934066,
        "n": 91,
        "ppa_mean": 0.14064788919136112
      },
      "own_side": {
        "value": 0.45161290322580644,
        "n": 124,
        "ppa_mean": 0.3770036254359088
      },
      "red_zone": {
        "value": 0.3269230769230769,
        "n": 52,
        "ppa_mean": 0.21166223025832856
      }
    },
    "pace_by_game_state": {
      "neutral": {
        "value": 33,
        "n": 489
      },
      "leading": {
        "value": 31,
        "n": 205
      },
      "trailing": {
        "value": 22.5,
        "n": 64
      }
    },
    "red_zone": {
      "value": 0.3559322033898305,
      "n": 177,
      "ppa_mean": 0.49664881406364564,
      "trips": 65,
      "td_per_trip": 0.7384615384615385
    },
    "short_yardage": {
      "rush_rate": 0.7586206896551724,
      "n": 29,
      "ppa_mean": 0.8582448840110932,
      "conversion_rate": 0.7931034482758621
    },
    "opening_script": {
      "pass_rate_early_downs": 0.45685279187817257,
      "n": 197,
      "delta_vs_neutral": 0.039966248342552524
    }
  },
  "predictability": {
    "index": 0.053334789037739756,
    "n": 410,
    "per_bucket": {
      "1:long": {
        "pass_rate": 0.3878504672897196,
        "league": 0.44516129032258067,
        "deviation": -0.05731082303286106,
        "n": 214
      },
      "2:long": {
        "pass_rate": 0.5818181818181818,
        "league": 0.519434628975265,
        "deviation": 0.062383552842916745,
        "n": 55
      },
      "2:medium": {
        "pass_rate": 0.36585365853658536,
        "league": 0.3997194950911641,
        "deviation": -0.033865836554578754,
        "n": 41
      },
      "2:short": {
        "pass_rate": 0.375,
        "league": 0.29179646936656284,
        "deviation": 0.08320353063343716,
        "n": 40
      },
      "3:medium": {
        "pass_rate": 0.75,
        "league": 0.7417289220917823,
        "deviation": 0.008271077908217683,
        "n": 24
      },
      "3:short": {
        "pass_rate": 0.3611111111111111,
        "league": 0.32620817843866173,
        "deviation": 0.03490293267244937,
        "n": 36
      }
    },
    "most_predictable": [
      "2:short",
      "2:long",
      "1:long"
    ]
  }
}
