{
  "school": "Penn State",
  "season": 2025,
  "games_in_db": 13,
  "profile": {
    "n_plays": 1040,
    "n_games": 13,
    "sticky": {
      "neutral_pass_rate": {
        "value": 0.3626373626373626,
        "n": 273
      },
      "sec_per_play": {
        "value": 31.5,
        "n": 152
      },
      "fourth_down_go_rate": {
        "value": 0.7272727272727273,
        "n": 11
      },
      "explosive_pass_rate": {
        "value": 0.0625,
        "n": 144
      }
    },
    "run_pass_by_down_distance": {
      "1:long": {
        "value": 0.375,
        "n": 144,
        "ppa_mean": 0.13203631729192622
      },
      "1:medium": {
        "value": 0.4,
        "n": 5,
        "ppa_mean": -0.047663881395132904
      },
      "1:short": {
        "value": 0.0,
        "n": 4,
        "ppa_mean": 0.5549598350490901
      },
      "1:xlong": {
        "value": 1.0,
        "n": 1,
        "ppa_mean": -1.0530820322115346
      },
      "2:long": {
        "value": 0.5,
        "n": 46,
        "ppa_mean": 0.35818186081866604
      },
      "2:medium": {
        "value": 0.20930232558139536,
        "n": 43,
        "ppa_mean": -0.0946353912906332
      },
      "2:short": {
        "value": 0.2777777777777778,
        "n": 18,
        "ppa_mean": -0.1530036236600296
      },
      "2:xlong": {
        "value": 0.4166666666666667,
        "n": 12,
        "ppa_mean": -0.2022908277359999
      },
      "3:long": {
        "value": 0.8235294117647058,
        "n": 17,
        "ppa_mean": 0.44400434051288784
      },
      "3:medium": {
        "value": 0.4444444444444444,
        "n": 18,
        "ppa_mean": 0.20150456086748925
      },
      "3:short": {
        "value": 0.30303030303030304,
        "n": 33,
        "ppa_mean": 0.4008994511888083
      },
      "3:xlong": {
        "value": 0.6666666666666666,
        "n": 9,
        "ppa_mean": -0.1210956438502084
      }
    },
    "run_pass_by_field_zone": {
      "backed_up": {
        "value": 0.3225806451612903,
        "n": 31,
        "ppa_mean": 0.2685734785908313
      },
      "fringe": {
        "value": 0.46511627906976744,
        "n": 43,
        "ppa_mean": -0.30371394355530845
      },
      "midfield": {
        "value": 0.3888888888888889,
        "n": 72,
        "ppa_mean": -0.20595456668012224
      },
      "own_side": {
        "value": 0.4146341463414634,
        "n": 82,
        "ppa_mean": 0.3388557349840022
      },
      "red_zone": {
        "value": 0.15555555555555556,
        "n": 45,
        "ppa_mean": 0.4209696994075226
      }
    },
    "pace_by_game_state": {
      "neutral": {
        "value": 28,
        "n": 235
      },
      "leading": {
        "value": 23.0,
        "n": 60
      },
      "trailing": {
        "value": 27.0,
        "n": 44
      }
    },
    "red_zone": {
      "value": 0.26573426573426573,
      "n": 143,
      "ppa_mean": 0.4364050700559876,
      "trips": 52,
      "td_per_trip": 0.6730769230769231
    },
    "short_yardage": {
      "rush_rate": 0.7575757575757576,
      "n": 33,
      "ppa_mean": 0.7787089594041551,
      "conversion_rate": 0.7272727272727273
    },
    "opening_script": {
      "pass_rate_early_downs": 0.3221476510067114,
      "n": 149,
      "delta_vs_neutral": -0.04048971163065124
    }
  },
  "predictability": {
    "index": 0.07500010119063798,
    "n": 266,
    "per_bucket": {
      "1:long": {
        "pass_rate": 0.375,
        "league": 0.44516129032258067,
        "deviation": -0.07016129032258067,
        "n": 144
      },
      "2:long": {
        "pass_rate": 0.5,
        "league": 0.519434628975265,
        "deviation": -0.019434628975265045,
        "n": 46
      },
      "2:medium": {
        "pass_rate": 0.20930232558139536,
        "league": 0.3997194950911641,
        "deviation": -0.19041716950976875,
        "n": 43
      },
      "3:short": {
        "pass_rate": 0.30303030303030304,
        "league": 0.32620817843866173,
        "deviation": -0.023177875408358695,
        "n": 33
      }
    },
    "most_predictable": [
      "2:medium",
      "1:long",
      "3:short"
    ]
  }
}
