{
  "school": "San Jos\u00e9 State",
  "season": 2022,
  "games_in_db": 12,
  "profile": {
    "n_plays": 1024,
    "n_games": 12,
    "sticky": {
      "neutral_pass_rate": {
        "value": 0.5959302325581395,
        "n": 344
      },
      "sec_per_play": {
        "value": 30,
        "n": 175
      },
      "fourth_down_go_rate": {
        "value": 0.15384615384615385,
        "n": 13
      },
      "explosive_pass_rate": {
        "value": 0.10507246376811594,
        "n": 276
      }
    },
    "run_pass_by_down_distance": {
      "1:long": {
        "value": 0.5649717514124294,
        "n": 177,
        "ppa_mean": -0.14133868469658473
      },
      "1:medium": {
        "value": 0.5,
        "n": 2,
        "ppa_mean": -2.666799074699683
      },
      "1:short": {
        "value": 0.16666666666666666,
        "n": 6,
        "ppa_mean": -0.061665389807378033
      },
      "1:xlong": {
        "value": 0.7272727272727273,
        "n": 11,
        "ppa_mean": -0.020078068100222734
      },
      "2:long": {
        "value": 0.640625,
        "n": 64,
        "ppa_mean": 0.2303896031612435
      },
      "2:medium": {
        "value": 0.59375,
        "n": 32,
        "ppa_mean": 0.3151832666238526
      },
      "2:short": {
        "value": 0.42857142857142855,
        "n": 21,
        "ppa_mean": -0.22410918795458024
      },
      "2:xlong": {
        "value": 0.8387096774193549,
        "n": 31,
        "ppa_mean": 0.9815367679002789
      },
      "3:long": {
        "value": 0.88,
        "n": 25,
        "ppa_mean": 0.5315212496523991
      },
      "3:medium": {
        "value": 1.0,
        "n": 17,
        "ppa_mean": 0.10913174331186844
      },
      "3:short": {
        "value": 0.5185185185185185,
        "n": 27,
        "ppa_mean": 0.39968327582024266
      },
      "3:xlong": {
        "value": 0.6875,
        "n": 16,
        "ppa_mean": 0.41331665968599934
      }
    },
    "run_pass_by_field_zone": {
      "backed_up": {
        "value": 0.7407407407407407,
        "n": 27,
        "ppa_mean": 0.6625944589772486
      },
      "fringe": {
        "value": 0.6,
        "n": 55,
        "ppa_mean": 0.03851136151104759
      },
      "midfield": {
        "value": 0.6086956521739131,
        "n": 92,
        "ppa_mean": -0.30044870674140806
      },
      "own_side": {
        "value": 0.6181818181818182,
        "n": 110,
        "ppa_mean": 0.21518995484020587
      },
      "red_zone": {
        "value": 0.4666666666666667,
        "n": 60,
        "ppa_mean": 0.05954933792995564
      }
    },
    "pace_by_game_state": {
      "neutral": {
        "value": 31,
        "n": 213
      },
      "leading": {
        "value": 36,
        "n": 73
      },
      "trailing": {
        "value": 25.5,
        "n": 42
      }
    },
    "red_zone": {
      "value": 0.5454545454545454,
      "n": 143,
      "ppa_mean": 0.16810969642492626,
      "trips": 52,
      "td_per_trip": 0.5961538461538461
    },
    "short_yardage": {
      "rush_rate": 0.5,
      "n": 28,
      "ppa_mean": 0.0804655205340606,
      "conversion_rate": 0.5714285714285714
    },
    "opening_script": {
      "pass_rate_early_downs": 0.5428571428571428,
      "n": 140,
      "delta_vs_neutral": -0.05307308970099667
    }
  },
  "predictability": {
    "index": 0.13254845978658514,
    "n": 377,
    "per_bucket": {
      "1:long": {
        "pass_rate": 0.5649717514124294,
        "league": 0.44516129032258067,
        "deviation": 0.11981046108984872,
        "n": 177
      },
      "2:long": {
        "pass_rate": 0.640625,
        "league": 0.519434628975265,
        "deviation": 0.12119037102473496,
        "n": 64
      },
      "2:medium": {
        "pass_rate": 0.59375,
        "league": 0.3997194950911641,
        "deviation": 0.1940305049088359,
        "n": 32
      },
      "2:short": {
        "pass_rate": 0.42857142857142855,
        "league": 0.29179646936656284,
        "deviation": 0.1367749592048657,
        "n": 21
      },
      "2:xlong": {
        "pass_rate": 0.8387096774193549,
        "league": 0.6548165137614679,
        "deviation": 0.183893163657887,
        "n": 31
      },
      "3:long": {
        "pass_rate": 0.88,
        "league": 0.8386473429951691,
        "deviation": 0.04135265700483093,
        "n": 25
      },
      "3:short": {
        "pass_rate": 0.5185185185185185,
        "league": 0.32620817843866173,
        "deviation": 0.19231034007985676,
        "n": 27
      }
    },
    "most_predictable": [
      "2:medium",
      "3:short",
      "2:xlong"
    ]
  }
}
