{
  "school": "San Jos\u00e9 State",
  "season": 2019,
  "games_in_db": 12,
  "profile": {
    "n_plays": 1059,
    "n_games": 12,
    "sticky": {
      "neutral_pass_rate": {
        "value": 0.6192052980132451,
        "n": 302
      },
      "sec_per_play": {
        "value": 27.5,
        "n": 24
      },
      "fourth_down_go_rate": {
        "value": 0.0,
        "n": 4
      },
      "explosive_pass_rate": {
        "value": 0.1111111111111111,
        "n": 243
      }
    },
    "run_pass_by_down_distance": {
      "1:long": {
        "value": 0.6217948717948718,
        "n": 156,
        "ppa_mean": 0.15318233384119323
      },
      "1:medium": {
        "value": 0.5,
        "n": 6,
        "ppa_mean": 0.3716604238515327
      },
      "1:short": {
        "value": 0.16666666666666666,
        "n": 6,
        "ppa_mean": 0.1633219755875713
      },
      "1:xlong": {
        "value": 0.7777777777777778,
        "n": 9,
        "ppa_mean": -0.06385994239443235
      },
      "2:long": {
        "value": 0.5932203389830508,
        "n": 59,
        "ppa_mean": 0.12607289682042047
      },
      "2:medium": {
        "value": 0.6071428571428571,
        "n": 28,
        "ppa_mean": 0.3833617218403084
      },
      "2:short": {
        "value": 0.5416666666666666,
        "n": 24,
        "ppa_mean": 0.5152853293944158
      },
      "2:xlong": {
        "value": 1.0,
        "n": 14,
        "ppa_mean": 0.37857204946739564
      },
      "3:long": {
        "value": 0.9583333333333334,
        "n": 24,
        "ppa_mean": 0.846024953321736
      },
      "3:medium": {
        "value": 0.8,
        "n": 15,
        "ppa_mean": 0.9704075517253922
      },
      "3:short": {
        "value": 0.5294117647058824,
        "n": 17,
        "ppa_mean": 0.2882918867190289
      },
      "3:xlong": {
        "value": 0.9166666666666666,
        "n": 12,
        "ppa_mean": 1.1387203840341507
      }
    },
    "run_pass_by_field_zone": {
      "backed_up": {
        "value": 0.68,
        "n": 25,
        "ppa_mean": 0.6382096012434579
      },
      "fringe": {
        "value": 0.6349206349206349,
        "n": 63,
        "ppa_mean": 0.0072375624613127435
      },
      "midfield": {
        "value": 0.7297297297297297,
        "n": 74,
        "ppa_mean": -0.29693364021002433
      },
      "own_side": {
        "value": 0.6746987951807228,
        "n": 83,
        "ppa_mean": 0.6071439746309716
      },
      "red_zone": {
        "value": 0.3508771929824561,
        "n": 57,
        "ppa_mean": 0.3077161005486998
      }
    },
    "pace_by_game_state": {
      "neutral": {
        "value": 29.0,
        "n": 42
      },
      "leading": {
        "value": 35.0,
        "n": 18
      },
      "trailing": {
        "value": 20.0,
        "n": 24
      }
    },
    "red_zone": {
      "value": 0.4645161290322581,
      "n": 155,
      "ppa_mean": 0.25454140296760513,
      "trips": 52,
      "td_per_trip": 0.6153846153846154
    },
    "short_yardage": {
      "rush_rate": 0.7333333333333333,
      "n": 15,
      "ppa_mean": 0.034730587657557,
      "conversion_rate": 0.6
    },
    "opening_script": {
      "pass_rate_early_downs": 0.5906040268456376,
      "n": 149,
      "delta_vs_neutral": -0.028601271167607467
    }
  },
  "predictability": {
    "index": 0.16008727917835952,
    "n": 291,
    "per_bucket": {
      "1:long": {
        "pass_rate": 0.6217948717948718,
        "league": 0.44516129032258067,
        "deviation": 0.17663358147229113,
        "n": 156
      },
      "2:long": {
        "pass_rate": 0.5932203389830508,
        "league": 0.519434628975265,
        "deviation": 0.07378571000778578,
        "n": 59
      },
      "2:medium": {
        "pass_rate": 0.6071428571428571,
        "league": 0.3997194950911641,
        "deviation": 0.20742336205169298,
        "n": 28
      },
      "2:short": {
        "pass_rate": 0.5416666666666666,
        "league": 0.29179646936656284,
        "deviation": 0.2498701973001038,
        "n": 24
      },
      "3:long": {
        "pass_rate": 0.9583333333333334,
        "league": 0.8386473429951691,
        "deviation": 0.1196859903381643,
        "n": 24
      }
    },
    "most_predictable": [
      "2:short",
      "2:medium",
      "1:long"
    ]
  }
}
