{
  "school": "San Jos\u00e9 State",
  "season": 2023,
  "games_in_db": 13,
  "profile": {
    "n_plays": 1066,
    "n_games": 13,
    "sticky": {
      "neutral_pass_rate": {
        "value": 0.44357976653696496,
        "n": 257
      },
      "sec_per_play": {
        "value": 36.0,
        "n": 202
      },
      "fourth_down_go_rate": {
        "value": 0.5,
        "n": 2
      },
      "explosive_pass_rate": {
        "value": 0.09259259259259259,
        "n": 162
      }
    },
    "run_pass_by_down_distance": {
      "1:long": {
        "value": 0.41134751773049644,
        "n": 141,
        "ppa_mean": 0.0965836331031817
      },
      "1:medium": {
        "value": 0.0,
        "n": 4,
        "ppa_mean": 0.058328255495835535
      },
      "1:short": {
        "value": 0.0,
        "n": 3,
        "ppa_mean": -0.31295561877003103
      },
      "1:xlong": {
        "value": 0.6666666666666666,
        "n": 6,
        "ppa_mean": -0.21217045393072573
      },
      "2:long": {
        "value": 0.5490196078431373,
        "n": 51,
        "ppa_mean": 0.2603682844559936
      },
      "2:medium": {
        "value": 0.3333333333333333,
        "n": 18,
        "ppa_mean": 0.08692261642574461
      },
      "2:short": {
        "value": 0.3,
        "n": 10,
        "ppa_mean": -0.6056929180471201
      },
      "2:xlong": {
        "value": 0.625,
        "n": 24,
        "ppa_mean": -0.1831595116429865
      },
      "3:long": {
        "value": 0.8235294117647058,
        "n": 17,
        "ppa_mean": 1.1271912930370964
      },
      "3:medium": {
        "value": 0.7142857142857143,
        "n": 21,
        "ppa_mean": 0.624555489764788
      },
      "3:short": {
        "value": 0.42857142857142855,
        "n": 14,
        "ppa_mean": 1.6420395446541214
      },
      "3:xlong": {
        "value": 0.7333333333333333,
        "n": 15,
        "ppa_mean": 0.31159458879155494
      }
    },
    "run_pass_by_field_zone": {
      "backed_up": {
        "value": 0.4,
        "n": 20,
        "ppa_mean": 0.27088561259687804
      },
      "fringe": {
        "value": 0.4666666666666667,
        "n": 60,
        "ppa_mean": -0.20630830975156808
      },
      "midfield": {
        "value": 0.56,
        "n": 50,
        "ppa_mean": -0.1571108196136578
      },
      "own_side": {
        "value": 0.49411764705882355,
        "n": 85,
        "ppa_mean": 0.19913029564162305
      },
      "red_zone": {
        "value": 0.19047619047619047,
        "n": 42,
        "ppa_mean": 0.33144285802274215
      }
    },
    "pace_by_game_state": {
      "neutral": {
        "value": 35.0,
        "n": 228
      },
      "leading": {
        "value": 39.0,
        "n": 182
      },
      "trailing": {
        "value": 24,
        "n": 105
      }
    },
    "red_zone": {
      "value": 0.3230769230769231,
      "n": 130,
      "ppa_mean": 0.4521955898291642,
      "trips": 53,
      "td_per_trip": 0.660377358490566
    },
    "short_yardage": {
      "rush_rate": 0.6923076923076923,
      "n": 13,
      "ppa_mean": 1.2886272896056568,
      "conversion_rate": 0.9230769230769231
    },
    "opening_script": {
      "pass_rate_early_downs": 0.453416149068323,
      "n": 161,
      "delta_vs_neutral": 0.009836382531358046
    }
  },
  "predictability": {
    "index": 0.0319345128774178,
    "n": 237,
    "per_bucket": {
      "1:long": {
        "pass_rate": 0.41134751773049644,
        "league": 0.44516129032258067,
        "deviation": -0.033813772592084235,
        "n": 141
      },
      "2:long": {
        "pass_rate": 0.5490196078431373,
        "league": 0.519434628975265,
        "deviation": 0.029584978867872258,
        "n": 51
      },
      "2:xlong": {
        "pass_rate": 0.625,
        "league": 0.6548165137614679,
        "deviation": -0.029816513761467878,
        "n": 24
      },
      "3:medium": {
        "pass_rate": 0.7142857142857143,
        "league": 0.7417289220917823,
        "deviation": -0.027443207806068015,
        "n": 21
      }
    },
    "most_predictable": [
      "1:long",
      "2:xlong",
      "2:long"
    ]
  }
}
