{
  "school": "TCU",
  "season": 2023,
  "games_in_db": 12,
  "profile": {
    "n_plays": 1080,
    "n_games": 12,
    "sticky": {
      "neutral_pass_rate": {
        "value": 0.506993006993007,
        "n": 286
      },
      "sec_per_play": {
        "value": 27.5,
        "n": 56
      },
      "fourth_down_go_rate": {
        "value": 0.25,
        "n": 4
      },
      "explosive_pass_rate": {
        "value": 0.09359605911330049,
        "n": 203
      }
    },
    "run_pass_by_down_distance": {
      "1:long": {
        "value": 0.5592105263157895,
        "n": 152,
        "ppa_mean": -0.005515315410084756
      },
      "1:medium": {
        "value": 0.0,
        "n": 3,
        "ppa_mean": -0.39948470003889636
      },
      "1:short": {
        "value": 0.3333333333333333,
        "n": 3,
        "ppa_mean": -0.09357015492847139
      },
      "1:xlong": {
        "value": 0.75,
        "n": 8,
        "ppa_mean": 0.8177183827582457
      },
      "2:long": {
        "value": 0.4782608695652174,
        "n": 69,
        "ppa_mean": 0.33513119811228725
      },
      "2:medium": {
        "value": 0.3684210526315789,
        "n": 19,
        "ppa_mean": 0.769198019729551
      },
      "2:short": {
        "value": 0.06666666666666667,
        "n": 15,
        "ppa_mean": -0.10667793133642463
      },
      "2:xlong": {
        "value": 0.7058823529411765,
        "n": 17,
        "ppa_mean": 0.042628875459112814
      },
      "3:long": {
        "value": 0.9047619047619048,
        "n": 21,
        "ppa_mean": 1.2819885231281403
      },
      "3:medium": {
        "value": 0.8666666666666667,
        "n": 15,
        "ppa_mean": 0.5323471629218861
      },
      "3:short": {
        "value": 0.36363636363636365,
        "n": 22,
        "ppa_mean": 0.585487788213704
      },
      "3:xlong": {
        "value": 1.0,
        "n": 15,
        "ppa_mean": 0.4705002400789106
      }
    },
    "run_pass_by_field_zone": {
      "backed_up": {
        "value": 0.5555555555555556,
        "n": 27,
        "ppa_mean": 0.7006557204879077
      },
      "fringe": {
        "value": 0.423728813559322,
        "n": 59,
        "ppa_mean": -0.06353603110237654
      },
      "midfield": {
        "value": 0.5178571428571429,
        "n": 56,
        "ppa_mean": 0.18476433675033563
      },
      "own_side": {
        "value": 0.5607476635514018,
        "n": 107,
        "ppa_mean": 0.15797517192153307
      },
      "red_zone": {
        "value": 0.43243243243243246,
        "n": 37,
        "ppa_mean": -0.035990090798846436
      }
    },
    "pace_by_game_state": {
      "neutral": {
        "value": 25.0,
        "n": 66
      },
      "leading": {
        "value": 22.0,
        "n": 76
      },
      "trailing": {
        "value": 21.5,
        "n": 40
      }
    },
    "red_zone": {
      "value": 0.5514705882352942,
      "n": 136,
      "ppa_mean": 0.1433918820607167,
      "trips": 50,
      "td_per_trip": 0.58
    },
    "short_yardage": {
      "rush_rate": 0.8888888888888888,
      "n": 18,
      "ppa_mean": -0.11741048477548485,
      "conversion_rate": 0.6111111111111112
    },
    "opening_script": {
      "pass_rate_early_downs": 0.5517241379310345,
      "n": 145,
      "delta_vs_neutral": 0.0447311309380275
    }
  },
  "predictability": {
    "index": 0.06527062287923562,
    "n": 264,
    "per_bucket": {
      "1:long": {
        "pass_rate": 0.5592105263157895,
        "league": 0.4852459016393443,
        "deviation": 0.07396462467644521,
        "n": 152
      },
      "2:long": {
        "pass_rate": 0.4782608695652174,
        "league": 0.5316455696202531,
        "deviation": -0.053384700055035705,
        "n": 69
      },
      "3:long": {
        "pass_rate": 0.9047619047619048,
        "league": 0.8298507462686567,
        "deviation": 0.07491115849324803,
        "n": 21
      },
      "3:short": {
        "pass_rate": 0.36363636363636365,
        "league": 0.33035714285714285,
        "deviation": 0.0332792207792208,
        "n": 22
      }
    },
    "most_predictable": [
      "3:long",
      "1:long",
      "2:long"
    ]
  }
}
