{
  "school": "TCU",
  "season": 2024,
  "games_in_db": 13,
  "profile": {
    "n_plays": 1160,
    "n_games": 13,
    "sticky": {
      "neutral_pass_rate": {
        "value": 0.5649122807017544,
        "n": 285
      },
      "sec_per_play": {
        "value": 27,
        "n": 281
      },
      "fourth_down_go_rate": {
        "value": 0.5,
        "n": 4
      },
      "explosive_pass_rate": {
        "value": 0.10747663551401869,
        "n": 214
      }
    },
    "run_pass_by_down_distance": {
      "1:long": {
        "value": 0.5723684210526315,
        "n": 152,
        "ppa_mean": 0.2295989148985789
      },
      "1:medium": {
        "value": 0.5,
        "n": 2,
        "ppa_mean": 0.5666968338714644
      },
      "1:short": {
        "value": 0.25,
        "n": 8,
        "ppa_mean": -0.23600428756414096
      },
      "1:xlong": {
        "value": 0.75,
        "n": 8,
        "ppa_mean": 0.531327681077579
      },
      "2:long": {
        "value": 0.7843137254901961,
        "n": 51,
        "ppa_mean": 0.14642811203986153
      },
      "2:medium": {
        "value": 0.5,
        "n": 24,
        "ppa_mean": -0.14814168435881916
      },
      "2:short": {
        "value": 0.043478260869565216,
        "n": 23,
        "ppa_mean": 0.08175880562084699
      },
      "2:xlong": {
        "value": 0.7058823529411765,
        "n": 17,
        "ppa_mean": 0.12884011729559264
      },
      "3:long": {
        "value": 0.9444444444444444,
        "n": 18,
        "ppa_mean": 0.8868229845113744
      },
      "3:medium": {
        "value": 0.8636363636363636,
        "n": 22,
        "ppa_mean": 0.2092325337552807
      },
      "3:short": {
        "value": 0.29411764705882354,
        "n": 17,
        "ppa_mean": 0.7837755461972341
      },
      "3:xlong": {
        "value": 0.8181818181818182,
        "n": 11,
        "ppa_mean": 0.575460036362712
      }
    },
    "run_pass_by_field_zone": {
      "backed_up": {
        "value": 0.631578947368421,
        "n": 19,
        "ppa_mean": 0.17414821294652272
      },
      "fringe": {
        "value": 0.6842105263157895,
        "n": 57,
        "ppa_mean": -0.12106785239167399
      },
      "midfield": {
        "value": 0.5645161290322581,
        "n": 62,
        "ppa_mean": 0.16967107835605083
      },
      "own_side": {
        "value": 0.5670103092783505,
        "n": 97,
        "ppa_mean": 0.30752687079203017
      },
      "red_zone": {
        "value": 0.4,
        "n": 50,
        "ppa_mean": 0.19241043817199338
      }
    },
    "pace_by_game_state": {
      "neutral": {
        "value": 26.5,
        "n": 388
      },
      "leading": {
        "value": 27.5,
        "n": 150
      },
      "trailing": {
        "value": 24,
        "n": 67
      }
    },
    "red_zone": {
      "value": 0.506578947368421,
      "n": 152,
      "ppa_mean": 0.611750852899381,
      "trips": 54,
      "td_per_trip": 0.7777777777777778
    },
    "short_yardage": {
      "rush_rate": 0.75,
      "n": 20,
      "ppa_mean": 0.9317751532121552,
      "conversion_rate": 0.85
    },
    "opening_script": {
      "pass_rate_early_downs": 0.5668789808917197,
      "n": 157,
      "delta_vs_neutral": 0.0019667001899653647
    }
  },
  "predictability": {
    "index": 0.13034156620170081,
    "n": 272,
    "per_bucket": {
      "1:long": {
        "pass_rate": 0.5723684210526315,
        "league": 0.4852459016393443,
        "deviation": 0.08712251941328725,
        "n": 152
      },
      "2:long": {
        "pass_rate": 0.7843137254901961,
        "league": 0.5316455696202531,
        "deviation": 0.25266815586994296,
        "n": 51
      },
      "2:medium": {
        "pass_rate": 0.5,
        "league": 0.4133949191685912,
        "deviation": 0.08660508083140878,
        "n": 24
      },
      "2:short": {
        "pass_rate": 0.043478260869565216,
        "league": 0.2576271186440678,
        "deviation": -0.21414885777450257,
        "n": 23
      },
      "3:medium": {
        "pass_rate": 0.8636363636363636,
        "league": 0.7581699346405228,
        "deviation": 0.1054664289958408,
        "n": 22
      }
    },
    "most_predictable": [
      "2:long",
      "2:short",
      "3:medium"
    ]
  }
}
