{
  "school": "TCU",
  "season": 2025,
  "games_in_db": 13,
  "profile": {
    "n_plays": 1179,
    "n_games": 13,
    "sticky": {
      "neutral_pass_rate": {
        "value": 0.5159420289855072,
        "n": 345
      },
      "sec_per_play": {
        "value": 26.0,
        "n": 392
      },
      "fourth_down_go_rate": {
        "value": 1.0,
        "n": 1
      },
      "explosive_pass_rate": {
        "value": 0.08163265306122448,
        "n": 245
      }
    },
    "run_pass_by_down_distance": {
      "1:long": {
        "value": 0.5737704918032787,
        "n": 183,
        "ppa_mean": -0.07184747224344373
      },
      "1:medium": {
        "value": 0.0,
        "n": 3,
        "ppa_mean": 0.2686293494534321
      },
      "1:short": {
        "value": 0.0,
        "n": 6,
        "ppa_mean": -0.3288802165282277
      },
      "1:xlong": {
        "value": 0.5,
        "n": 8,
        "ppa_mean": -0.48052912663556613
      },
      "2:long": {
        "value": 0.47058823529411764,
        "n": 68,
        "ppa_mean": 0.24820454637543032
      },
      "2:medium": {
        "value": 0.4642857142857143,
        "n": 28,
        "ppa_mean": 0.17180638812624616
      },
      "2:short": {
        "value": 0.2608695652173913,
        "n": 23,
        "ppa_mean": -0.018713685453194386
      },
      "2:xlong": {
        "value": 0.6923076923076923,
        "n": 26,
        "ppa_mean": 0.3275032395643661
      },
      "3:long": {
        "value": 0.8260869565217391,
        "n": 23,
        "ppa_mean": 0.5592317079585305
      },
      "3:medium": {
        "value": 0.9583333333333334,
        "n": 24,
        "ppa_mean": 0.9283505864274529
      },
      "3:short": {
        "value": 0.2857142857142857,
        "n": 21,
        "ppa_mean": 0.647134167900045
      },
      "3:xlong": {
        "value": 0.8666666666666667,
        "n": 15,
        "ppa_mean": 0.8133174539612075
      }
    },
    "run_pass_by_field_zone": {
      "backed_up": {
        "value": 0.36,
        "n": 25,
        "ppa_mean": 0.15331037147558818
      },
      "fringe": {
        "value": 0.6119402985074627,
        "n": 67,
        "ppa_mean": -0.07084900036108191
      },
      "midfield": {
        "value": 0.5869565217391305,
        "n": 92,
        "ppa_mean": -0.029181604566615213
      },
      "own_side": {
        "value": 0.543859649122807,
        "n": 114,
        "ppa_mean": 0.0942931206628392
      },
      "red_zone": {
        "value": 0.2553191489361702,
        "n": 47,
        "ppa_mean": 0.09495445535612997
      }
    },
    "pace_by_game_state": {
      "neutral": {
        "value": 25.0,
        "n": 510
      },
      "leading": {
        "value": 30,
        "n": 173
      },
      "trailing": {
        "value": 25,
        "n": 89
      }
    },
    "red_zone": {
      "value": 0.4027777777777778,
      "n": 144,
      "ppa_mean": 0.2886320900087256,
      "trips": 56,
      "td_per_trip": 0.5535714285714286
    },
    "short_yardage": {
      "rush_rate": 0.75,
      "n": 20,
      "ppa_mean": 0.882295149599394,
      "conversion_rate": 0.85
    },
    "opening_script": {
      "pass_rate_early_downs": 0.5419354838709678,
      "n": 155,
      "delta_vs_neutral": 0.025993454885460565
    }
  },
  "predictability": {
    "index": 0.09264835535925241,
    "n": 396,
    "per_bucket": {
      "1:long": {
        "pass_rate": 0.5737704918032787,
        "league": 0.44516129032258067,
        "deviation": 0.128609201480698,
        "n": 183
      },
      "2:long": {
        "pass_rate": 0.47058823529411764,
        "league": 0.519434628975265,
        "deviation": -0.048846393681147404,
        "n": 68
      },
      "2:medium": {
        "pass_rate": 0.4642857142857143,
        "league": 0.3997194950911641,
        "deviation": 0.06456621919455019,
        "n": 28
      },
      "2:short": {
        "pass_rate": 0.2608695652173913,
        "league": 0.29179646936656284,
        "deviation": -0.03092690414917154,
        "n": 23
      },
      "2:xlong": {
        "pass_rate": 0.6923076923076923,
        "league": 0.6548165137614679,
        "deviation": 0.03749117854622441,
        "n": 26
      },
      "3:long": {
        "pass_rate": 0.8260869565217391,
        "league": 0.8386473429951691,
        "deviation": -0.01256038647342994,
        "n": 23
      },
      "3:medium": {
        "pass_rate": 0.9583333333333334,
        "league": 0.7417289220917823,
        "deviation": 0.21660441124155105,
        "n": 24
      },
      "3:short": {
        "pass_rate": 0.2857142857142857,
        "league": 0.32620817843866173,
        "deviation": -0.040493892724376035,
        "n": 21
      }
    },
    "most_predictable": [
      "3:medium",
      "1:long",
      "2:medium"
    ]
  }
}
