{
  "school": "UConn",
  "season": 2024,
  "games_in_db": 13,
  "profile": {
    "n_plays": 1210,
    "n_games": 13,
    "sticky": {
      "neutral_pass_rate": {
        "value": 0.4461538461538462,
        "n": 260
      },
      "sec_per_play": {
        "value": 30,
        "n": 287
      },
      "fourth_down_go_rate": {
        "value": 0.0,
        "n": 5
      },
      "explosive_pass_rate": {
        "value": 0.05660377358490566,
        "n": 159
      }
    },
    "run_pass_by_down_distance": {
      "1:long": {
        "value": 0.4027777777777778,
        "n": 144,
        "ppa_mean": 0.12126848142481232
      },
      "1:medium": {
        "value": 0.0,
        "n": 2,
        "ppa_mean": -0.481274445787488
      },
      "1:short": {
        "value": 0.0,
        "n": 2,
        "ppa_mean": 1.20123650392589
      },
      "1:xlong": {
        "value": 0.6,
        "n": 5,
        "ppa_mean": -0.06725032392324293
      },
      "2:long": {
        "value": 0.43636363636363634,
        "n": 55,
        "ppa_mean": 0.10821252181474801
      },
      "2:medium": {
        "value": 0.6428571428571429,
        "n": 28,
        "ppa_mean": 0.2959197348723102
      },
      "2:short": {
        "value": 0.5714285714285714,
        "n": 14,
        "ppa_mean": -0.16298971237101725
      },
      "2:xlong": {
        "value": 0.5,
        "n": 10,
        "ppa_mean": 0.09851307490218505
      },
      "3:long": {
        "value": 0.7916666666666666,
        "n": 24,
        "ppa_mean": 0.1943483015204369
      },
      "3:medium": {
        "value": 0.8666666666666667,
        "n": 15,
        "ppa_mean": -0.06007736072720728
      },
      "3:short": {
        "value": 0.15789473684210525,
        "n": 19,
        "ppa_mean": 0.36563388892028037
      },
      "3:xlong": {
        "value": 0.6363636363636364,
        "n": 11,
        "ppa_mean": 0.2831092381173674
      }
    },
    "run_pass_by_field_zone": {
      "backed_up": {
        "value": 0.36363636363636365,
        "n": 33,
        "ppa_mean": 0.019026314712600884
      },
      "fringe": {
        "value": 0.4444444444444444,
        "n": 36,
        "ppa_mean": 0.006461834766072727
      },
      "midfield": {
        "value": 0.4727272727272727,
        "n": 55,
        "ppa_mean": -0.045286024572832484
      },
      "own_side": {
        "value": 0.4811320754716981,
        "n": 106,
        "ppa_mean": 0.24650737933792305
      },
      "red_zone": {
        "value": 0.36666666666666664,
        "n": 30,
        "ppa_mean": 0.2335834859496167
      }
    },
    "pace_by_game_state": {
      "neutral": {
        "value": 28.0,
        "n": 382
      },
      "leading": {
        "value": 34,
        "n": 211
      },
      "trailing": {
        "value": 26.0,
        "n": 126
      }
    },
    "red_zone": {
      "value": 0.390625,
      "n": 128,
      "ppa_mean": 0.31648200697586304,
      "trips": 42,
      "td_per_trip": 0.6190476190476191
    },
    "short_yardage": {
      "rush_rate": 1.0,
      "n": 13,
      "ppa_mean": 0.8970721498298039,
      "conversion_rate": 0.6153846153846154
    },
    "opening_script": {
      "pass_rate_early_downs": 0.42948717948717946,
      "n": 156,
      "delta_vs_neutral": -0.01666666666666672
    }
  },
  "predictability": {
    "index": 0.07413354888216198,
    "n": 251,
    "per_bucket": {
      "1:long": {
        "pass_rate": 0.4027777777777778,
        "league": 0.44516129032258067,
        "deviation": -0.04238351254480288,
        "n": 144
      },
      "2:long": {
        "pass_rate": 0.43636363636363634,
        "league": 0.519434628975265,
        "deviation": -0.0830709926116287,
        "n": 55
      },
      "2:medium": {
        "pass_rate": 0.6428571428571429,
        "league": 0.3997194950911641,
        "deviation": 0.2431376477659788,
        "n": 28
      },
      "3:long": {
        "pass_rate": 0.7916666666666666,
        "league": 0.8386473429951691,
        "deviation": -0.046980676328502446,
        "n": 24
      }
    },
    "most_predictable": [
      "2:medium",
      "2:long",
      "3:long"
    ]
  }
}
